[
  {"code": "NDLS", "name": "New Delhi", "state": "Delhi"},
  {"code": "HWH", "name": "Howrah Junction", "state": "West Bengal"},
  {"code": "BCT", "name": "Mumbai Central", "state": "Maharashtra"},
  {"code": "CSMT", "name": "Chhatrapati Shivaji Terminus", "state": "Maharashtra"},
  {"code": "MAS", "name": "Chennai Central", "state": "Tamil Nadu"},
  {"code": "SBC", "name": "Bangalore City", "state": "Karnataka"},
  {"code": "ADI", "name": "Ahmedabad Junction", "state": "Gujarat"},
  {"code": "JP", "name": "Jaipur Junction", "state": "Rajasthan"},
  {"code": "LKO", "name": "Lucknow Charbagh", "state": "Uttar Pradesh"},
  {"code": "PNBE", "name": "Patna Junction", "state": "Bihar"},
  {"code": "CNB", "name": "Kanpur Central", "state": "Uttar Pradesh"},
  {"code": "BSB", "name": "Varanasi Junction", "state": "Uttar Pradesh"},
  {"code": "AGC", "name": "Agra Cantt", "state": "Uttar Pradesh"},
  {"code": "BPL", "name": "Bhopal Junction", "state": "Madhya Pradesh"},
  {"code": "NGP", "name": "Nagpur Junction", "state": "Maharashtra"},
  {"code": "PUNE", "name": "Pune Junction", "state": "Maharashtra"},
  {"code": "GHY", "name": "Guwahati", "state": "Assam"},
  {"code": "ASR", "name": "Amritsar Junction", "state": "Punjab"},
  {"code": "HYB", "name": "Hyderabad Deccan", "state": "Telangana"},
  {"code": "SC", "name": "Secunderabad Junction", "state": "Telangana"},
  {"code": "TVC", "name": "Thiruvananthapuram Central", "state": "Kerala"},
  {"code": "ERS", "name": "Ernakulam Junction", "state": "Kerala"},
  {"code": "CBE", "name": "Coimbatore Junction", "state": "Tamil Nadu"},
  {"code": "MDU", "name": "Madurai Junction", "state": "Tamil Nadu"},
  {"code": "UBL", "name": "Hubballi Junction", "state": "Karnataka"},
  {"code": "VSKP", "name": "Visakhapatnam", "state": "Andhra Pradesh"},
  {"code": "BZA", "name": "Vijayawada Junction", "state": "Andhra Pradesh"},
  {"code": "RJT", "name": "Rajkot Junction", "state": "Gujarat"},
  {"code": "BRC", "name": "Vadodara Junction", "state": "Gujarat"},
  {"code": "ST", "name": "Surat", "state": "Gujarat"},
  {"code": "JBP", "name": "Jabalpur Junction", "state": "Madhya Pradesh"},
  {"code": "GWL", "name": "Gwalior Junction", "state": "Madhya Pradesh"},
  {"code": "RTM", "name": "Ratlam Junction", "state": "Madhya Pradesh"},
  {"code": "UDZ", "name": "Udaipur City", "state": "Rajasthan"},
  {"code": "KOTA", "name": "Kota Junction", "state": "Rajasthan"},
  {"code": "AJJ", "name": "Arakkonam Junction", "state": "Tamil Nadu"},
  {"code": "JU", "name": "Jodhpur Junction", "state": "Rajasthan"},
  {"code": "AII", "name": "Ajmer Junction", "state": "Rajasthan"},
  {"code": "BKN", "name": "Bikaner Junction", "state": "Rajasthan"},
  {"code": "DDN", "name": "Dehradun", "state": "Uttarakhand"},
  {"code": "HW", "name": "Haridwar Junction", "state": "Uttarakhand"},
  {"code": "KGM", "name": "Kathgodam", "state": "Uttarakhand"},
  {"code": "MB", "name": "Moradabad Junction", "state": "Uttar Pradesh"},
  {"code": "BE", "name": "Bareilly Junction", "state": "Uttar Pradesh"},
  {"code": "LJN", "name": "Lucknow Junction", "state": "Uttar Pradesh"},
  {"code": "GKP", "name": "Gorakhpur Junction", "state": "Uttar Pradesh"},
  {"code": "ALD", "name": "Prayagraj Junction", "state": "Uttar Pradesh"},
  {"code": "MGS", "name": "Mughal Sarai Junction", "state": "Uttar Pradesh"},
  {"code": "DNR", "name": "Danapur", "state": "Bihar"},
  {"code": "RJPB", "name": "Rajendra Nagar Bihar", "state": "Bihar"},
  {"code": "MFP", "name": "Muzaffarpur Junction", "state": "Bihar"},
  {"code": "SPJ", "name": "Samastipur Junction", "state": "Bihar"},
  {"code": "BJU", "name": "Barauni Junction", "state": "Bihar"},
  {"code": "KIR", "name": "Katihar Junction", "state": "Bihar"},
  {"code": "NJP", "name": "New Jalpaiguri", "state": "West Bengal"},
  {"code": "SDAH", "name": "Sealdah", "state": "West Bengal"},
  {"code": "KOL", "name": "Kolkata", "state": "West Bengal"},
  {"code": "ASN", "name": "Asansol Junction", "state": "West Bengal"},
  {"code": "DHN", "name": "Dhanbad Junction", "state": "Jharkhand"},
  {"code": "RNC", "name": "Ranchi", "state": "Jharkhand"},
  {"code": "TATA", "name": "Tatanagar Junction", "state": "Jharkhand"},
  {"code": "BBS", "name": "Bhubaneswar", "state": "Odisha"},
  {"code": "PURI", "name": "Puri", "state": "Odisha"},
  {"code": "CTC", "name": "Cuttack Junction", "state": "Odisha"},
  {"code": "SBP", "name": "Sambalpur Junction", "state": "Odisha"},
  {"code": "ROU", "name": "Rourkela Junction", "state": "Odisha"},
  {"code": "R", "name": "Raipur Junction", "state": "Chhattisgarh"},
  {"code": "BSP", "name": "Bilaspur Junction", "state": "Chhattisgarh"},
  {"code": "G", "name": "Gondia Junction", "state": "Maharashtra"},
  {"code": "SUR", "name": "Solapur", "state": "Maharashtra"},
  {"code": "KOP", "name": "Kolhapur", "state": "Maharashtra"},
  {"code": "SNSI", "name": "Sainagar Shirdi", "state": "Maharashtra"},
  {"code": "NED", "name": "Hazur Sahib Nanded", "state": "Maharashtra"},
  {"code": "AK", "name": "Akola Junction", "state": "Maharashtra"},
  {"code": "MMR", "name": "Manmad Junction", "state": "Maharashtra"},
  {"code": "NZM", "name": "Hazrat Nizamuddin", "state": "Delhi"},
  {"code": "DLI", "name": "Old Delhi Junction", "state": "Delhi"},
  {"code": "ANND", "name": "Anand Nagar", "state": "Delhi"},
  {"code": "GZB", "name": "Ghaziabad Junction", "state": "Uttar Pradesh"},
  {"code": "MTJ", "name": "Mathura Junction", "state": "Uttar Pradesh"},
  {"code": "AF", "name": "Agra Fort", "state": "Uttar Pradesh"},
  {"code": "ET", "name": "Itarsi Junction", "state": "Madhya Pradesh"},
  {"code": "KTE", "name": "Katni Junction", "state": "Madhya Pradesh"},
  {"code": "SVDK", "name": "Shri Mata Vaishno Devi Katra", "state": "Jammu and Kashmir"},
  {"code": "JAT", "name": "Jammu Tawi", "state": "Jammu and Kashmir"},
  {"code": "CDG", "name": "Chandigarh", "state": "Chandigarh"},
  {"code": "UMB", "name": "Ambala Cantt", "state": "Haryana"},
  {"code": "PNP", "name": "Panipat Junction", "state": "Haryana"},
  {"code": "ROK", "name": "Rohtak Junction", "state": "Haryana"},
  {"code": "RE", "name": "Rewari Junction", "state": "Haryana"},
  {"code": "LDH", "name": "Ludhiana Junction", "state": "Punjab"},
  {"code": "JUC", "name": "Jalandhar City", "state": "Punjab"},
  {"code": "FZR", "name": "Firozpur Cantt", "state": "Punjab"},
  {"code": "BTI", "name": "Bathinda Junction", "state": "Punjab"},
  {"code": "COA", "name": "Coimbatore North", "state": "Tamil Nadu"},
  {"code": "SA", "name": "Salem Junction", "state": "Tamil Nadu"},
  {"code": "TPJ", "name": "Tiruchirappalli Junction", "state": "Tamil Nadu"},
  {"code": "MS", "name": "Chennai Egmore", "state": "Tamil Nadu"},
  {"code": "MV", "name": "Katpadi Junction", "state": "Tamil Nadu"},
  {"code": "RU", "name": "Renigunta Junction", "state": "Andhra Pradesh"},
  {"code": "TPTY", "name": "Tirupati", "state": "Andhra Pradesh"},
  {"code": "GNT", "name": "Guntur Junction", "state": "Andhra Pradesh"},
  {"code": "OGL", "name": "Ongole", "state": "Andhra Pradesh"},
  {"code": "NLDA", "name": "Nellore", "state": "Andhra Pradesh"},
  {"code": "GTL", "name": "Guntakal Junction", "state": "Andhra Pradesh"},
  {"code": "KCG", "name": "Kacheguda", "state": "Telangana"},
  {"code": "NZB", "name": "Nizamabad", "state": "Telangana"},
  {"code": "WL", "name": "Warangal", "state": "Telangana"},
  {"code": "KZJ", "name": "Kazipet Junction", "state": "Telangana"},
  {"code": "YPR", "name": "Yesvantpur Junction", "state": "Karnataka"},
  {"code": "KJM", "name": "Krishnarajapuram", "state": "Karnataka"},
  {"code": "MYS", "name": "Mysuru Junction", "state": "Karnataka"},
  {"code": "DWR", "name": "Dharwad", "state": "Karnataka"},
  {"code": "BJA", "name": "Belagavi", "state": "Karnataka"},
  {"code": "MAQ", "name": "Mangaluru Central", "state": "Karnataka"},
  {"code": "CLT", "name": "Kozhikode", "state": "Kerala"},
  {"code": "TCR", "name": "Thrissur", "state": "Kerala"},
  {"code": "ALLP", "name": "Alappuzha", "state": "Kerala"},
  {"code": "QLN", "name": "Kollam Junction", "state": "Kerala"},
  {"code": "CAN", "name": "Kannur", "state": "Kerala"},
  {"code": "PGT", "name": "Palakkad Junction", "state": "Kerala"},
  {"code": "ED", "name": "Erode Junction", "state": "Tamil Nadu"},
  {"code": "JTJ", "name": "Jolarpettai", "state": "Tamil Nadu"},
  {"code": "KPD", "name": "Katpadi Junction", "state": "Tamil Nadu"}
]
